epoch,d_loss,g_loss
0,1.3642764682030712,0.8167249391935266
1,1.376518860481535,0.785833189366649
2,1.375976358085382,0.7847547695284984
3,1.3750576636830314,0.7899569436619072
4,1.3754297869393795,0.785750039075064
5,1.3752829903461894,0.7838775198079435
6,1.375371342515448,0.7839585815385628
7,1.3745066361349136,0.7858416818293302
8,1.374811043895659,0.7842436807166269
9,1.3749039172060267,0.7841817196008878
10,1.3747547975062613,0.7840587828980118
11,1.3759524420014793,0.7795239036022817
