epoch,d_loss,g_loss
0,1.2921958242194662,0.9866590140473469
1,1.3764426098139915,0.7803489839977372
2,1.3763788168902902,0.7820877709616136
3,1.3744018664125537,0.7880746402257246
4,1.3759568348016185,0.7809785122842974
5,1.3756296922481894,0.781498878279315
6,1.375331324934071,0.7838529363829759
7,1.3751090346789752,0.7818910221584507
8,1.3760211452464233,0.78015599931228
9,1.3761300510514511,0.7796726990385666
10,1.3761139288033886,0.780057242605974
11,1.3762089359778051,0.779500454744177
