epoch,d_loss,g_loss
0,1.3066233711519823,0.8956706249234218
1,1.3753521344345478,0.7838665198284894
2,1.3754312978593852,0.7823121926645942
3,1.372292860467459,0.7858691712605438
4,1.3678105017467335,0.7919571676659335
